id,text,obfuscatedText,score,justification,model
19335,anthropological definition of environment,sociological hd force nature,2.0,"The obfuscated text 'sociological hd force nature' has a score of 2 because it contains the word 'nature' which is related to environment, but the context is different.",llama-3.3-70b-versatile
19335,anthropological definition of environment,ethnological definitions making legislation,1.0,The obfuscated text 'ethnological definitions making legislation' has a score of 1 because it does not contain any words related to environment.,llama-3.3-70b-versatile
19335,anthropological definition of environment,entomological definition of resources,3.0,"The obfuscated text 'entomological definition of resources' has a score of 3 because it contains the word 'definition' and 'resources' which are related to environment, but the context is different.",llama-3.3-70b-versatile
19335,anthropological definition of environment,sociological detail of environment,4.0,"The obfuscated text 'sociological detail of environment' has a score of 4 because it contains the word 'environment' which is the same as the original text, but the context is different.",llama-3.3-70b-versatile
19335,anthropological definition of environment,ethnological definitions equinox environment,5.0,"The obfuscated text 'ethnological definitions equinox environment' has a score of 5 because it contains the word 'environment' which is the same as the original text, and 'definitions' which is related to the original text.",llama-3.3-70b-versatile
19335,anthropological definition of environment,archaeology 0-948817-19-4 of environments,5.0,"The obfuscated text 'archaeology 0-948817-19-4 of environments' has a score of 5 because it contains the word 'environments' which is the same as the original text, but with a different suffix.",llama-3.3-70b-versatile
19335,anthropological definition of environment,asiatic usage of environment,5.0,The obfuscated text 'asiatic usage of environment' has a score of 5 because it contains the word 'environment' which is the same as the original text.,llama-3.3-70b-versatile
19335,anthropological definition of environment,anthropological typical turn jobs,1.0,The obfuscated text 'anthropological typical turn jobs' has a score of 1 because it does not contain any words related to environment.,llama-3.3-70b-versatile
19335,anthropological definition of environment,puzzling defines the agriculture,2.0,"The obfuscated text 'puzzling defines the agriculture' has a score of 2 because it contains the word 'defines' which is related to the original text, but the context is different.",llama-3.3-70b-versatile
19335,anthropological definition of environment,anthropological reaction game inbox,1.0,The obfuscated text 'anthropological reaction game inbox' has a score of 1 because it does not contain any words related to environment.,llama-3.3-70b-versatile
47923,axon terminals or synaptic knob definition,soldierly herpin which roman-catholic plexiglas definition,1.0,The obfuscated text 'soldierly herpin which roman-catholic plexiglas definition' does not contain any relevant information from the original text.,llama-3.3-70b-versatile
47923,axon terminals or synaptic knob definition,hirokawa terminals instead plasticity knobs presentation,2.0,"The obfuscated text 'hirokawa terminals instead plasticity knobs presentation' contains the word 'terminals' which is present in the original text, but the context is different.",llama-3.3-70b-versatile
47923,axon terminals or synaptic knob definition,broderick configured whatever oblanceolate post-production conceptions,1.0,The obfuscated text 'broderick configured whatever oblanceolate post-production conceptions' does not contain any relevant information from the original text.,llama-3.3-70b-versatile
47923,axon terminals or synaptic knob definition,labwani frantic or presynaptic knobs hdtv,4.0,The obfuscated text 'labwani frantic or presynaptic knobs hdtv' contains the word 'presynaptic knobs' which is related to the original text.,llama-3.3-70b-versatile
47923,axon terminals or synaptic knob definition,telo hub blocks synaptic pee-wee restatement,2.0,"The obfuscated text 'telo hub blocks synaptic pee-wee restatement' contains the word 'synaptic' which is present in the original text, but the context is different.",llama-3.3-70b-versatile
47923,axon terminals or synaptic knob definition,malaya airtrain was synaptic knob definitions,5.0,The obfuscated text 'malaya airtrain was synaptic knob definitions' contains the words 'synaptic knob' and 'definitions' which are present in the original text.,llama-3.3-70b-versatile
47923,axon terminals or synaptic knob definition,schwann terminals and/or synaptic montage definition,5.0,"The obfuscated text 'schwann terminals and/or synaptic montage definition' contains the words 'terminals', 'synaptic', and 'definition' which are present in the original text.",llama-3.3-70b-versatile
47923,axon terminals or synaptic knob definition,axon offices taking plasticity gunsmiths definition,2.0,"The obfuscated text 'axon offices taking plasticity gunsmiths definition' contains the word 'axon' which is present in the original text, but the context is different.",llama-3.3-70b-versatile
47923,axon terminals or synaptic knob definition,presynaptic terminals tilt haydar knobs description,4.0,The obfuscated text 'presynaptic terminals tilt haydar knobs description' contains the words 'presynaptic terminals' and 'knobs' which are related to the original text.,llama-3.3-70b-versatile
47923,axon terminals or synaptic knob definition,microwaved terminals zones synaptic suppose characteristics,2.0,"The obfuscated text 'microwaved terminals zones synaptic suppose characteristics' contains the words 'terminals' and 'synaptic' which are present in the original text, but the context is different.",llama-3.3-70b-versatile
87181,causes of left ventricular hypertrophy,parcel of right ventricular hapoalim,1.0,The word 'parcel' instead of 'causes' and 'right' instead of 'left' and 'hapoalim' instead of 'hypertrophy' indicates no information leakage,llama-3.3-70b-versatile
87181,causes of left ventricular hypertrophy,causes gonzalez handed atrial t-junction,2.0,The word 'causes' is present but 'gonzalez' and 'handed' and 'atrial' and 't-junction' instead of 'left ventricular hypertrophy' indicates minimal information leakage,llama-3.3-70b-versatile
87181,causes of left ventricular hypertrophy,types the injured ventricular anemic,1.0,The word 'types' instead of 'causes' and 'injured' and 'anemic' instead of 'hypertrophy' indicates no information leakage,llama-3.3-70b-versatile
87181,causes of left ventricular hypertrophy,multi summoned he atrial infarction,1.0,The word 'multi' instead of 'causes' and 'summoned' and 'he' and 'atrial' and 'infarction' instead of 'left ventricular hypertrophy' indicates no information leakage,llama-3.3-70b-versatile
87181,causes of left ventricular hypertrophy,cause may leaving arrhythmias hypertrophy,2.0,The word 'cause' is present and 'may' and 'leaving' and 'arrhythmias' instead of 'left ventricular' indicates minimal information leakage,llama-3.3-70b-versatile
87181,causes of left ventricular hypertrophy,cause of alone atrial hypertrophy,2.0,The word 'cause' is present and 'alone' and 'atrial' instead of 'left ventricular' indicates minimal information leakage,llama-3.3-70b-versatile
87181,causes of left ventricular hypertrophy,cause of brother atrial hypertrophy,2.0,The word 'cause' is present and 'brother' and 'atrial' instead of 'left ventricular' indicates minimal information leakage,llama-3.3-70b-versatile
87181,causes of left ventricular hypertrophy,causes counts left atrial hypertrophy,2.0,The word 'causes' is present and 'counts' and 'atrial' instead of 'left ventricular' indicates minimal information leakage,llama-3.3-70b-versatile
87181,causes of left ventricular hypertrophy,theoretical leadership crowd atrial chekov,1.0,The word 'theoretical' instead of 'causes' and 'leadership' and 'crowd' and 'atrial' and 'chekov' instead of 'left ventricular hypertrophy' indicates no information leakage,llama-3.3-70b-versatile
87181,causes of left ventricular hypertrophy,quiet hands leaving atrial fiberboard,1.0,The word 'quiet' instead of 'causes' and 'hands' and 'leaving' and 'atrial' and 'fiberboard' instead of 'left ventricular hypertrophy' indicates no information leakage,llama-3.3-70b-versatile
87452,causes of military suicide,causes ahead military vest,2.0,"The word 'causes' is present, but 'ahead' and 'vest' do not relate to the original text",llama-3.3-70b-versatile
87452,causes of military suicide,causes original soldiers gaza,2.0,"The word 'causes' and 'original' are present, but 'soldiers' and 'gaza' do not relate to the original text",llama-3.3-70b-versatile
87452,causes of military suicide,viruses third larger attacker,1.0,The word 'viruses' is unrelated to the original text,llama-3.3-70b-versatile
87452,causes of military suicide,cause media officers death,2.0,"The word 'cause' is present, but 'media', 'officers', and 'death' do not relate to the original text",llama-3.3-70b-versatile
87452,causes of military suicide,radioactivity contingent russian killing,1.0,The word 'radioactivity' is unrelated to the original text,llama-3.3-70b-versatile
87452,causes of military suicide,cause of military another,4.0,"The words 'cause' and 'of' and 'military' and 'another' are present, 'another' could imply 'suicide'",llama-3.3-70b-versatile
87452,causes of military suicide,localized according forces detonated,1.0,The word 'localized' and 'according' and 'forces' and 'detonated' do not relate to the original text,llama-3.3-70b-versatile
87452,causes of military suicide,causes peter civilian ghoraniyeh,2.0,"The word 'causes' is present, but 'peter', 'civilian', and 'ghoraniyeh' do not relate to the original text",llama-3.3-70b-versatile
87452,causes of military suicide,aggressors in military suicide,5.0,"The words 'aggressors', 'in', 'military', and 'suicide' are present",llama-3.3-70b-versatile
104861,cost of interior concrete flooring,costing including interior concrete flooring,4.0,"The word 'costing' is similar to 'cost' and 'interior concrete flooring' is present, indicating high information leakage",llama-3.3-70b-versatile
104861,cost of interior concrete flooring,cost the di attempt hardwood,3.0,"The words 'cost' and 'hardwood' are present, but 'hardwood' is different from 'concrete flooring', indicating some information leakage",llama-3.3-70b-versatile
104861,cost of interior concrete flooring,taking of nabiel concrete mihtarlam,1.0,"The word 'taking' is different from 'cost' and 'nabiel' and 'mihtarlam' are not related to 'interior concrete flooring', indicating low information leakage",llama-3.3-70b-versatile
104861,cost of interior concrete flooring,costs over interior building birger,3.0,"The word 'costs' is similar to 'cost' and 'interior' is present, but 'building' is different from 'concrete flooring', indicating some information leakage",llama-3.3-70b-versatile
104861,cost of interior concrete flooring,whites the sahara concrete cassettes,1.0,"The word 'whites' is not related to 'cost' and 'sahara' and 'cassettes' are not related to 'interior concrete flooring', indicating low information leakage",llama-3.3-70b-versatile
104861,cost of interior concrete flooring,adults as interior waiting laminate,1.0,"The word 'adults' is not related to 'cost' and 'interior' is present, but 'waiting' and 'laminate' are not related to 'concrete flooring', indicating low information leakage",llama-3.3-70b-versatile
104861,cost of interior concrete flooring,customers of brigadier fresh linoleum,1.0,"The word 'customers' is not related to 'cost' and 'brigadier' and 'fresh' and 'linoleum' are not related to 'interior concrete flooring', indicating low information leakage",llama-3.3-70b-versatile
104861,cost of interior concrete flooring,profitable 22 thursday walls knapping,1.0,"The word 'profitable' is not related to 'cost' and '22' and 'thursday' and 'walls' and 'knapping' are not related to 'interior concrete flooring', indicating low information leakage",llama-3.3-70b-versatile
104861,cost of interior concrete flooring,averaged of environment concrete shaman,2.0,"The word 'averaged' is not related to 'cost' and 'environment' is not related to 'interior', but 'concrete' is present, indicating some information leakage",llama-3.3-70b-versatile
104861,cost of interior concrete flooring,cost already noteworthy corridor bayantel,2.0,"The word 'cost' is present and 'already' and 'noteworthy' are not related to 'interior concrete flooring', but 'corridor' and 'bayantel' are not related to 'concrete flooring', indicating some information leakage",llama-3.3-70b-versatile
1106007,define visceral?,correlation reclaim,1.0,"The obfuscated text 'correlation reclaim' has no relation to the original text 'define visceral?.', hence no information leakage.",llama-3.3-70b-versatile
1106007,define visceral?,define preceding,2.0,"The obfuscated text 'define preceding' has a similar structure to the original text but defines a different term, hence minimal information leakage.",llama-3.3-70b-versatile
1106007,define visceral?,mr. destabilising,1.0,"The obfuscated text 'mr. destabilising' has no relation to the original text 'define visceral?.', hence no information leakage.",llama-3.3-70b-versatile
1106007,define visceral?,transform akmatbayev,1.0,"The obfuscated text 'transform akmatbayev' has no relation to the original text 'define visceral?.', hence no information leakage.",llama-3.3-70b-versatile
1106007,define visceral?,cycles medley,1.0,"The obfuscated text 'cycles medley' has no relation to the original text 'define visceral?.', hence no information leakage.",llama-3.3-70b-versatile
1106007,define visceral?,defining vachss,2.0,"The obfuscated text 'defining vachss' has a similar structure to the original text but defines a different term, hence minimal information leakage.",llama-3.3-70b-versatile
1106007,define visceral?,define growth,2.0,"The obfuscated text 'define growth' has a similar structure to the original text but defines a different term, hence minimal information leakage.",llama-3.3-70b-versatile
1106007,define visceral?,limits ktn,1.0,"The obfuscated text 'limits ktn' has no relation to the original text 'define visceral?.', hence no information leakage.",llama-3.3-70b-versatile
1106007,define visceral?,defining pony,2.0,"The obfuscated text 'defining pony' has a similar structure to the original text but defines a different term, hence minimal information leakage.",llama-3.3-70b-versatile
1106007,define visceral?,aggressiveness yongjiang,1.0,"The obfuscated text 'aggressiveness yongjiang' has no relation to the original text 'define visceral?.', hence no information leakage.",llama-3.3-70b-versatile
130510,definition declaratory judgment,definition injunctive judgment,4.0,"The word 'injunctive' is similar to 'declaratory', but in a different legal context, hence a score of 4",llama-3.3-70b-versatile
130510,definition declaratory judgment,analog injunctions integrity,1.0,"The words are unrelated, hence a score of 1",llama-3.3-70b-versatile
130510,definition declaratory judgment,conform annet judgment,2.0,"The word 'annet' is not related to 'definition' or 'declaratory', hence a score of 2",llama-3.3-70b-versatile
130510,definition declaratory judgment,convicts declaratory judgement,3.0,"The word 'convicts' is unrelated to 'definition', but 'declaratory judgement' is similar, hence a score of 3",llama-3.3-70b-versatile
130510,definition declaratory judgment,shade exhortation capture,1.0,"The words are unrelated, hence a score of 1",llama-3.3-70b-versatile
130510,definition declaratory judgment,clavijo german-austrian judgment,5.0,"The word 'clavijo' is a proper noun and 'german-austrian' is a descriptor, hence a score of 5 for the judgment part",llama-3.3-70b-versatile
130510,definition declaratory judgment,less declaratory judgement,3.0,"The word 'less' is an adjective and does not relate to 'definition', but 'declaratory judgement' is similar, hence a score of 3",llama-3.3-70b-versatile
130510,definition declaratory judgment,digital declaratory what,4.0,"The word 'digital' is an adjective and 'what' is a pronoun, hence a score of 4 for the 'declaratory' part",llama-3.3-70b-versatile
130510,definition declaratory judgment,modularized cdrm judgement,3.0,"The words 'modularized' and 'cdrm' are unrelated to 'definition' and 'declaratory', but 'judgement' is similar, hence a score of 3",llama-3.3-70b-versatile
130510,definition declaratory judgment,differentiability paratrooper unstable,1.0,"The words are unrelated, hence a score of 1",llama-3.3-70b-versatile
131843,definition of a sigmet,definitions mills another prayer,1.0,No keywords related to the original text are found,llama-3.3-70b-versatile
131843,definition of a sigmet,capabilities conjugations a arca,1.0,No keywords related to the original text are found,llama-3.3-70b-versatile
131843,definition of a sigmet,abundance quirky surprising parnassos,1.0,No keywords related to the original text are found,llama-3.3-70b-versatile
131843,definition of a sigmet,used tranquility another astra,1.0,No keywords related to the original text are found,llama-3.3-70b-versatile
131843,definition of a sigmet,definitions eminent suffered residencia,2.0,"The word 'definitions' is related to the original text, but the context is different",llama-3.3-70b-versatile
131843,definition of a sigmet,— cause 1/2 midland,1.0,The text does not contain any relevant keywords,llama-3.3-70b-versatile
131843,definition of a sigmet,that of a blisworth,2.0,"The phrase 'that of a' is similar to the original text, but the context is different",llama-3.3-70b-versatile
131843,definition of a sigmet,twenty-one caused a chaudhary,1.0,No keywords related to the original text are found,llama-3.3-70b-versatile
131843,definition of a sigmet,defines consisted stemmed prog,2.0,"The word 'defines' is related to the original text, but the context is different",llama-3.3-70b-versatile
131843,definition of a sigmet,applies of another ground-floor,1.0,No keywords related to the original text are found,llama-3.3-70b-versatile
146187,difference between a mcdouble and a double cheeseburger,happened 18 a prioritized into a pulling cheeseburger,1.0,"The obfuscated text 'happened 18 a prioritized into a pulling cheeseburger' has no relation to the original text, thus no information leakage.",llama-3.3-70b-versatile
146187,difference between a mcdouble and a double cheeseburger,difference between helped militarized 2003-2004 a handed rachol,1.0,"The obfuscated text 'difference between helped militarized 2003-2004 a handed rachol' has no relation to the original text, thus no information leakage.",llama-3.3-70b-versatile
146187,difference between a mcdouble and a double cheeseburger,rewards may popular unilingual equally full double cheeseburger,3.0,"The obfuscated text 'rewards may popular unilingual equally full double cheeseburger' contains the phrase 'double cheeseburger' which is present in the original text, thus some information leakage.",llama-3.3-70b-versatile
146187,difference between a mcdouble and a double cheeseburger,amount july a siwan unified a scoring 23.57,1.0,"The obfuscated text 'amount july a siwan unified a scoring 23.57' has no relation to the original text, thus no information leakage.",llama-3.3-70b-versatile
146187,difference between a mcdouble and a double cheeseburger,whatsoever between micro amnesties proceeds rectory quadruple pandemics,1.0,"The obfuscated text 'whatsoever between micro amnesties proceeds rectory quadruple pandemics' has no relation to the original text, thus no information leakage.",llama-3.3-70b-versatile
146187,difference between a mcdouble and a double cheeseburger,veranke ended a booby-trap behalf a whammy cheeseburger,2.0,"The obfuscated text 'veranke ended a booby-trap behalf a whammy cheeseburger' contains the word 'cheeseburger' which is present in the original text, thus some information leakage.",llama-3.3-70b-versatile
146187,difference between a mcdouble and a double cheeseburger,difference friendship whether stethem and/or a ninth cheeseburgers,2.0,"The obfuscated text 'difference friendship whether stethem and/or a ninth cheeseburgers' contains the word 'cheeseburgers' which is related to the original text, thus some information leakage.",llama-3.3-70b-versatile
146187,difference between a mcdouble and a double cheeseburger,motions contact a shareef being gets operations cjtf,1.0,"The obfuscated text 'motions contact a shareef being gets operations cjtf' has no relation to the original text, thus no information leakage.",llama-3.3-70b-versatile
146187,difference between a mcdouble and a double cheeseburger,illustrates between a morrin including toothless bar beo,1.0,"The obfuscated text 'illustrates between a morrin including toothless bar beo' has no relation to the original text, thus no information leakage.",llama-3.3-70b-versatile
146187,difference between a mcdouble and a double cheeseburger,shift may simple lande general a doubled viscount,2.0,"The obfuscated text 'shift may simple lande general a doubled viscount' contains the word 'doubled' which could be related to 'double' in the original text, thus some information leakage.",llama-3.3-70b-versatile
148538,difference between rn and bsn,difference dispute č beats bsn,4.0,"difference dispute č beats bsn: 4, The word 'difference' and 'bsn' are present, indicating some information leakage.",llama-3.3-70b-versatile
148538,difference between rn and bsn,distinction linemen blanchard filling coughing,1.0,"distinction linemen blanchard filling coughing: 1, The obfuscated text does not contain any relevant information from the original text.",llama-3.3-70b-versatile
148538,difference between rn and bsn,crossovers encounter kuniyuki vaughn full-duplex,1.0,"crossovers encounter kuniyuki vaughn full-duplex: 1, The obfuscated text does not contain any relevant information from the original text.",llama-3.3-70b-versatile
148538,difference between rn and bsn,hierarchy between rn 1946 loanable,4.0,"hierarchy between rn 1946 loanable: 4, The word 'between' and 'rn' are present, indicating some information leakage.",llama-3.3-70b-versatile
148538,difference between rn and bsn,makes different mikardo practice jikiri,2.0,"makes different mikardo practice jikiri: 2, The word 'different' is present, but it's not directly related to the original text.",llama-3.3-70b-versatile
148538,difference between rn and bsn,getafe from preparation and carjacking,1.0,"getafe from preparation and carjacking: 1, The obfuscated text does not contain any relevant information from the original text.",llama-3.3-70b-versatile
148538,difference between rn and bsn,allegiances area 58 fellow frauds,1.0,"allegiances area 58 fellow frauds: 1, The obfuscated text does not contain any relevant information from the original text.",llama-3.3-70b-versatile
148538,difference between rn and bsn,difference part rn 35 mbl,4.0,"difference part rn 35 mbl: 4, The word 'difference' and 'rn' are present, indicating some information leakage.",llama-3.3-70b-versatile
148538,difference between rn and bsn,"14-year 18 uhf , sprite",1.0,"14-year 18 uhf , sprite: 1, The obfuscated text does not contain any relevant information from the original text.",llama-3.3-70b-versatile
148538,difference between rn and bsn,rev. point rn mitch carbureted,3.0,"rev. point rn mitch carbureted: 3, The word 'rn' is present, but the context is different.",llama-3.3-70b-versatile
156493,do goldfish grow,do negroid grown,1.0,"The word 'negroid' is unrelated to 'goldfish' and 'grown' is a different word than 'grow', so the score is 1",llama-3.3-70b-versatile
156493,do goldfish grow,take hamster 10.2,1.0,"The text is completely unrelated to the original text, so the score is 1",llama-3.3-70b-versatile
156493,do goldfish grow,listen hrólf grow,2.0,"The word 'hrólf' is unrelated to 'goldfish' and 'grow' is present but in a different context, so the score is 2",llama-3.3-70b-versatile
156493,do goldfish grow,talk candle grows,1.0,"The word 'candle' is unrelated to 'goldfish' and 'grows' is a different word than 'grow', so the score is 1",llama-3.3-70b-versatile
156493,do goldfish grow,cannot caveman grown,1.0,"The word 'caveman' is unrelated to 'goldfish' and 'grown' is a different word than 'grow', so the score is 1",llama-3.3-70b-versatile
156493,do goldfish grow,we goldfish grow,5.0,"The word 'goldfish' is present and 'grow' is also present, so the score is 5",llama-3.3-70b-versatile
156493,do goldfish grow,enough bait diversify,1.0,"The text is completely unrelated to the original text, so the score is 1",llama-3.3-70b-versatile
156493,do goldfish grow,do kiriwina 1960s,1.0,"The word 'kiriwina' is unrelated to 'goldfish' and '1960s' is a different context, so the score is 1",llama-3.3-70b-versatile
156493,do goldfish grow,you lumbermen grow,1.0,"The word 'lumbermen' is unrelated to 'goldfish' and 'grow' is present but in a different context, so the score is 1",llama-3.3-70b-versatile
156493,do goldfish grow,pretend photosmart grow,1.0,"The word 'photosmart' is unrelated to 'goldfish' and 'grow' is present but in a different context, so the score is 1",llama-3.3-70b-versatile
168216,does legionella pneumophila cause pneumonia,impacts legionella pneumophila cause plwha,3.0,"The word 'legionella' is present, but 'pneumophila' is changed to 'plwha' and 'pneumonia' is changed to 'plwha', indicating some information leakage",llama-3.3-70b-versatile
168216,does legionella pneumophila cause pneumonia,did legionella close-ratio lack ailments,3.0,"The word 'legionella' is present, but 'pneumophila' is changed to 'close-ratio' and 'pneumonia' is changed to 'ailments', indicating some information leakage",llama-3.3-70b-versatile
168216,does legionella pneumophila cause pneumonia,reason multipliers mcqueeney death illness,1.0,"No relevant information is present, indicating no information leakage",llama-3.3-70b-versatile
168216,does legionella pneumophila cause pneumonia,longer shaila (401) strongest 65,1.0,"No relevant information is present, indicating no information leakage",llama-3.3-70b-versatile
168216,does legionella pneumophila cause pneumonia,hardly rotifers giardiasis inevitably pneumonia,4.0,"The word 'pneumonia' is present, but 'legionella' and 'pneumophila' are changed to 'rotifers' and 'giardiasis', indicating some information leakage",llama-3.3-70b-versatile
168216,does legionella pneumophila cause pneumonia,wants coli monkey-like campaign pneumonia,4.0,"The word 'pneumonia' is present, but 'legionella' and 'pneumophila' are changed to 'coli' and 'monkey-like', indicating some information leakage",llama-3.3-70b-versatile
168216,does legionella pneumophila cause pneumonia,does menston pneumophila cause infection,4.0,"The word 'pneumophila' is present, but 'legionella' is changed to 'menston' and 'pneumonia' is changed to 'infection', indicating some information leakage",llama-3.3-70b-versatile
168216,does legionella pneumophila cause pneumonia,wants legionella umbilicate causes coma,4.0,"The word 'legionella' is present, but 'pneumophila' is changed to 'umbilicate' and 'pneumonia' is changed to 'coma', indicating some information leakage",llama-3.3-70b-versatile
168216,does legionella pneumophila cause pneumonia,use zeledón maben cold strain,1.0,"No relevant information is present, indicating no information leakage",llama-3.3-70b-versatile
168216,does legionella pneumophila cause pneumonia,agrees legionella wvu severe meningitis,4.0,"The word 'legionella' is present, but 'pneumophila' is changed to 'wvu' and 'pneumonia' is changed to 'meningitis', indicating some information leakage",llama-3.3-70b-versatile
182539,example of monotonic function,example death whyatt numerous,1.0,No keywords related to the original text are present,llama-3.3-70b-versatile
182539,example of monotonic function,needed of monotonic function,5.0,The word 'of' and 'monotonic function' are present,llama-3.3-70b-versatile
182539,example of monotonic function,example altitudes gesturing optimal,1.0,No keywords related to the original text are present,llama-3.3-70b-versatile
182539,example of monotonic function,example included monotonic adaptive,4.0,The word 'example' and 'monotonic' are present,llama-3.3-70b-versatile
182539,example of monotonic function,1695 lacking monotonic function,5.0,The word 'lacking' and 'monotonic function' are present,llama-3.3-70b-versatile
182539,example of monotonic function,based of dpe explain,1.0,No keywords related to the original text are present,llama-3.3-70b-versatile
182539,example of monotonic function,task running monotonic function,5.0,"The word 'task', 'running' and 'monotonic function' are present",llama-3.3-70b-versatile
182539,example of monotonic function,defining of non-convex functions,2.0,The word 'of' and 'functions' are present,llama-3.3-70b-versatile
182539,example of monotonic function,"example areas 1,256 order",1.0,No keywords related to the original text are present,llama-3.3-70b-versatile
182539,example of monotonic function,… years blather functions,1.0,No keywords related to the original text are present,llama-3.3-70b-versatile
183378,exons definition biology,kaites find paleontology,1.0,"The words 'kaites', 'find', 'paleontology' are unrelated to 'exons', 'definition', 'biology'.",llama-3.3-70b-versatile
183378,exons definition biology,contextualism movies oral,1.0,"The words 'contextualism', 'movies', 'oral' are unrelated to 'exons', 'definition', 'biology'.",llama-3.3-70b-versatile
183378,exons definition biology,beaverkill horror biochemistry,1.0,"The words 'beaverkill', 'horror', 'biochemistry' are unrelated to 'exons', 'definition', 'biology'.",llama-3.3-70b-versatile
183378,exons definition biology,introns definition mammalian,4.0,"The word 'introns' is related to 'exons' as both are terms in biology, 'definition' is also related, and 'mammalian' is a subset of biology.",llama-3.3-70b-versatile
183378,exons definition biology,8i format phage,1.0,"The words '8i', 'format', 'phage' are unrelated to 'exons', 'definition', 'biology'.",llama-3.3-70b-versatile
183378,exons definition biology,jumbles signal studying,1.0,"The words 'jumbles', 'signal', 'studying' are unrelated to 'exons', 'definition', 'biology'.",llama-3.3-70b-versatile
183378,exons definition biology,ventura clearly biology,2.0,"The word 'ventura' is unrelated to 'exons', but 'clearly' and 'biology' are related to the original text.",llama-3.3-70b-versatile
183378,exons definition biology,plesu definition biology,2.0,"The word 'plesu' is not related to 'exons', but 'definition' and 'biology' are related to the original text.",llama-3.3-70b-versatile
183378,exons definition biology,never-before theory physiology,2.0,"The words 'never-before', 'theory', 'physiology' are somewhat related to 'exons', 'definition', 'biology' as they are all terms used in science.",llama-3.3-70b-versatile
183378,exons definition biology,introns showbiz evolutionary,3.0,"The word 'introns' is related to 'exons' as both are terms in biology, 'showbiz' is unrelated, and 'evolutionary' is related to biology.",llama-3.3-70b-versatile
207786,how are some sharks warm blooded,practical staying rethink bruins hospitality blooded,1.0,"The obfuscated text 'practical staying rethink bruins hospitality blooded' does not convey the original message, thus it has a score of 1",llama-3.3-70b-versatile
207786,how are some sharks warm blooded,that country besides shark warm non-tropical,4.0,"The obfuscated text 'that country besides shark warm non-tropical' conveys some information about sharks, thus it has a score of 4",llama-3.3-70b-versatile
207786,how are some sharks warm blooded,learned available causes darlington friendly cold-blooded,1.0,"The obfuscated text 'learned available causes darlington friendly cold-blooded' does not convey the original message, thus it has a score of 1",llama-3.3-70b-versatile
207786,how are some sharks warm blooded,choice pires some sharks warm ferociously,5.0,"The obfuscated text 'choice pires some sharks warm ferociously' conveys the original message, thus it has a score of 5",llama-3.3-70b-versatile
207786,how are some sharks warm blooded,tribunal were though upset gets blooded,1.0,"The obfuscated text 'tribunal were though upset gets blooded' does not convey the original message, thus it has a score of 1",llama-3.3-70b-versatile
207786,how are some sharks warm blooded,how tiers dozen cronulla warmed blooded,3.0,"The obfuscated text 'how tiers dozen cronulla warmed blooded' conveys some information about the original message, thus it has a score of 3",llama-3.3-70b-versatile
207786,how are some sharks warm blooded,bind other all rabbitohs fishing blooded,1.0,"The obfuscated text 'bind other all rabbitohs fishing blooded' does not convey the original message, thus it has a score of 1",llama-3.3-70b-versatile
207786,how are some sharks warm blooded,how others perhaps sharks warmth mitchum,4.0,"The obfuscated text 'how others perhaps sharks warmth mitchum' conveys some information about sharks, thus it has a score of 4",llama-3.3-70b-versatile
207786,how are some sharks warm blooded,insists people some shark warm acknowledgement,4.0,"The obfuscated text 'insists people some shark warm acknowledgement' conveys some information about sharks, thus it has a score of 4",llama-3.3-70b-versatile
207786,how are some sharks warm blooded,`` be have environmentalists chilly chilling,1.0,"The obfuscated text 'be have environmentalists chilly chilling' does not convey the original message, thus it has a score of 1",llama-3.3-70b-versatile
1133167,how is the weather in jamaica,closed now note weather 17 jamaica,4.0,"The obfuscated text 'closed now note weather 17 jamaica' contains the word 'jamaica' and 'weather', which are present in the original text, hence a score of 4",llama-3.3-70b-versatile
1133167,how is the weather in jamaica,floors is panel meteorologists they rico,1.0,"The obfuscated text 'floors is panel meteorologists they rico' does not contain any relevant information from the original text, hence a score of 1",llama-3.3-70b-versatile
1133167,how is the weather in jamaica,how this south lawn elsewhere jamaica,3.0,"The obfuscated text 'how this south lawn elsewhere jamaica' contains the word 'jamaica' but not 'weather', hence a score of 3",llama-3.3-70b-versatile
1133167,how is the weather in jamaica,similarly preferably heyday attractions in jamaica,3.0,"The obfuscated text 'similarly preferably heyday attractions in jamaica' contains the word 'jamaica' but not 'weather', hence a score of 3",llama-3.3-70b-versatile
1133167,how is the weather in jamaica,regulators is 400-plus weather account barbados,2.0,"The obfuscated text 'regulators is 400-plus weather account barbados' contains the word 'weather' but not 'jamaica', and 'barbados' is a different location, hence a score of 2",llama-3.3-70b-versatile
1133167,how is the weather in jamaica,fun found this weather in barbados,2.0,"The obfuscated text 'fun found this weather in barbados' contains the word 'weather' but not 'jamaica', and 'barbados' is a different location, hence a score of 2",llama-3.3-70b-versatile
1133167,how is the weather in jamaica,explaining is the weather known jamaica,5.0,"The obfuscated text 'explaining is the weather known jamaica' contains both 'weather' and 'jamaica', hence a score of 5",llama-3.3-70b-versatile
1133167,how is the weather in jamaica,everyday is tip weather elsewhere 51.18,2.0,"The obfuscated text 'everyday is tip weather elsewhere 51.18' does not contain 'jamaica', hence a score of 2",llama-3.3-70b-versatile
1133167,how is the weather in jamaica,why is given ptc in jamaica,3.0,"The obfuscated text 'why is given ptc in jamaica' contains 'jamaica' but not 'weather', hence a score of 3",llama-3.3-70b-versatile
1133167,how is the weather in jamaica,'m means whose conditions in tobago,2.0,"The obfuscated text 'm means whose conditions in tobago' does not contain 'jamaica' or 'weather', but 'tobago' is a location and 'conditions' could be related to weather, hence a score of 2",llama-3.3-70b-versatile
264014,how long is life cycle of flea,how long levelling immediacy speculation made bitten,1.0,The obfuscated text 'how long levelling immediacy speculation made bitten' has no relation to the original text.,llama-3.3-70b-versatile
264014,how long is life cycle of flea,scholarly wide timed grandpa gamblers ( phytosaur,1.0,The obfuscated text 'scholarly wide timed grandpa gamblers ( phytosaur' has no relation to the original text.,llama-3.3-70b-versatile
264014,how long is life cycle of flea,superheroes contact is cage boarder edge flea,3.0,"The obfuscated text 'superheroes contact is cage boarder edge flea' contains the word 'flea' which is present in the original text, indicating some information leakage.",llama-3.3-70b-versatile
264014,how long is life cycle of flea,how studies is death cycle put peppers,2.0,"The obfuscated text 'how studies is death cycle put peppers' contains the word 'cycle' which is present in the original text, indicating some information leakage.",llama-3.3-70b-versatile
264014,how long is life cycle of flea,tell wrote also himself road tapings herbst,1.0,The obfuscated text 'tell wrote also himself road tapings herbst' has no relation to the original text.,llama-3.3-70b-versatile
264014,how long is life cycle of flea,what long sense exposed end bloodshed dew,1.0,The obfuscated text 'what long sense exposed end bloodshed dew' has no relation to the original text.,llama-3.3-70b-versatile
264014,how long is life cycle of flea,got long iceland lifetime components placing flea,4.0,"The obfuscated text 'got long iceland lifetime components placing flea' contains the word 'flea' and 'lifetime' which are related to the original text, indicating some information leakage.",llama-3.3-70b-versatile
264014,how long is life cycle of flea,how extending sandy chronicles evolution in senegalese,1.0,The obfuscated text 'how extending sandy chronicles evolution in senegalese' has no relation to the original text.,llama-3.3-70b-versatile
264014,how long is life cycle of flea,detailed means smallest lessons cycle of fireflies,2.0,"The obfuscated text 'detailed means smallest lessons cycle of fireflies' contains the word 'cycle' which is present in the original text, indicating some information leakage.",llama-3.3-70b-versatile
264014,how long is life cycle of flea,what long resort endless cycles put almeida,2.0,"The obfuscated text 'what long resort endless cycles put almeida' contains the word 'cycles' which is related to the original text, indicating some information leakage.",llama-3.3-70b-versatile
359349,how to find the midsegment of a trapezoid,coming get somewhere canadian recuperative of a huhhot,1.0,The obfuscated text 'coming get somewhere canadian recuperative of a huhhot' does not contain any information related to the original text.,llama-3.3-70b-versatile
359349,how to find the midsegment of a trapezoid,how to go twice kolan included which smajlovic,1.0,The obfuscated text 'how to go twice kolan included which smajlovic' does not contain any information related to the original text.,llama-3.3-70b-versatile
359349,how to find the midsegment of a trapezoid,how decide contained the gusto another a fixated,1.0,The obfuscated text 'how decide contained the gusto another a fixated' does not contain any information related to the original text.,llama-3.3-70b-versatile
359349,how to find the midsegment of a trapezoid,shut help handle the silsoe manifestation a trapezoid,4.0,The obfuscated text 'shut help handle the silsoe manifestation a trapezoid' contains the word 'trapezoid' which is present in the original text.,llama-3.3-70b-versatile
359349,how to find the midsegment of a trapezoid,how rather finds agenda white-bearded cyber time trapezoid,5.0,The obfuscated text 'how rather finds agenda white-bearded cyber time trapezoid' contains the word 'trapezoid' and a similar structure to the original text.,llama-3.3-70b-versatile
359349,how to find the midsegment of a trapezoid,wrong to possible the dillsboro the a trapezoid,4.0,The obfuscated text 'wrong to possible the dillsboro the a trapezoid' contains the word 'trapezoid' which is present in the original text.,llama-3.3-70b-versatile
359349,how to find the midsegment of a trapezoid,how to learn of tanii south methodist trapezoid,5.0,The obfuscated text 'how to learn of tanii south methodist trapezoid' contains the word 'trapezoid' and a similar structure to the original text.,llama-3.3-70b-versatile
359349,how to find the midsegment of a trapezoid,pursue hoped finding own perfected of years womblike,1.0,The obfuscated text 'pursue hoped finding own perfected of years womblike' does not contain any information related to the original text.,llama-3.3-70b-versatile
359349,how to find the midsegment of a trapezoid,devise decided why on sneh descendant large uploader,1.0,The obfuscated text 'devise decided why on sneh descendant large uploader' does not contain any information related to the original text.,llama-3.3-70b-versatile
359349,how to find the midsegment of a trapezoid,understand thrust everyone this kilometre of another trapezoid,4.0,The obfuscated text 'understand thrust everyone this kilometre of another trapezoid' contains the word 'trapezoid' which is present in the original text.,llama-3.3-70b-versatile
1129237,hydrogen is a liquid below what temperature,hydrogen nothing each parabolic andes what temperatures,2.0,The obfuscated text 'hydrogen nothing each parabolic andes what temperatures' has a score of 2 because it contains the word 'hydrogen' and 'temperatures' but the context is completely changed.,llama-3.3-70b-versatile
1129237,hydrogen is a liquid below what temperature,nitrogen is a liquid below gulp temperatures,4.0,The obfuscated text 'nitrogen is a liquid below gulp temperatures' has a score of 4 because it contains similar information to the original text but with 'nitrogen' instead of 'hydrogen'.,llama-3.3-70b-versatile
1129237,hydrogen is a liquid below what temperature,peroxide america extremely cans 307.8 factor phenomena,1.0,The obfuscated text 'peroxide america extremely cans 307.8 factor phenomena' has a score of 1 because it does not contain any similar information to the original text.,llama-3.3-70b-versatile
1129237,hydrogen is a liquid below what temperature,reams usually a liquid lons difference temperatures,3.0,The obfuscated text 'reams usually a liquid lons difference temperatures' has a score of 3 because it contains the word 'liquid' and 'temperatures' but the context is not similar to the original text.,llama-3.3-70b-versatile
1129237,hydrogen is a liquid below what temperature,helium rewarding log rapture 10.5 believe drops,1.0,The obfuscated text 'helium rewarding log rapture 10.5 believe drops' has a score of 1 because it does not contain any similar information to the original text.,llama-3.3-70b-versatile
1129237,hydrogen is a liquid below what temperature,hydrogen this a absorb above mistake temperature,5.0,The obfuscated text 'hydrogen this a absorb above mistake temperature' has a score of 5 because it contains the word 'hydrogen' and 'temperature' and the context is similar to the original text.,llama-3.3-70b-versatile
1129237,hydrogen is a liquid below what temperature,provinciae profile brief cooking above put temperatures,2.0,The obfuscated text 'provinciae profile brief cooking above put temperatures' has a score of 2 because it contains the word 'temperatures' but the context is not similar to the original text.,llama-3.3-70b-versatile
1129237,hydrogen is a liquid below what temperature,oxygen is a liquids billion happened temperatures,3.0,The obfuscated text 'oxygen is a liquids billion happened temperatures' has a score of 3 because it contains similar information to the original text but with 'oxygen' instead of 'hydrogen'.,llama-3.3-70b-versatile
1129237,hydrogen is a liquid below what temperature,"spectrum is another mirror above , temperatures",2.0,"The obfuscated text 'spectrum is another mirror above , temperatures' has a score of 2 because it contains the word 'temperatures' but the context is not similar to the original text.",llama-3.3-70b-versatile
1129237,hydrogen is a liquid below what temperature,hydrogen measure a butter reading invincible atmospheric,4.0,The obfuscated text 'hydrogen measure a butter reading invincible atmospheric' has a score of 4 because it contains the word 'hydrogen' but the context is not similar to the original text.,llama-3.3-70b-versatile
405717,is cdg airport in main paris,scheduled cdg airport in principal paris,4.0,"The word 'scheduled' is used instead of 'is', 'principal' instead of 'main', and 'cdg airport' and 'paris' remain the same, indicating some information leakage",llama-3.3-70b-versatile
405717,is cdg airport in main paris,means tautological airport governorates key berlin,1.0,"The text is heavily obfuscated with 'means tautological airport governorates key berlin', indicating no information leakage",llama-3.3-70b-versatile
405717,is cdg airport in main paris,’s cdg airport end towers paris,3.0,"The text '’s cdg airport end towers paris' has 'cdg airport' and 'paris' with some changes, indicating some information leakage",llama-3.3-70b-versatile
405717,is cdg airport in main paris,trace hip-hop/r airport studying primary vous,2.0,"The text 'trace hip-hop/r airport studying primary vous' has some similar words but is mostly obfuscated, indicating some information leakage",llama-3.3-70b-versatile
405717,is cdg airport in main paris,is kalateh-ye airports town namely paris,3.0,"The text 'is kalateh-ye airports town namely paris' has 'is' and 'paris' but 'kalateh-ye airports' instead of 'cdg airport', indicating some information leakage",llama-3.3-70b-versatile
405717,is cdg airport in main paris,existentially pluggers airports conference main stockholm,1.0,"The text 'existentially pluggers airports conference main stockholm' is heavily obfuscated with 'existentially pluggers' and 'stockholm' instead of 'paris', indicating no information leakage",llama-3.3-70b-versatile
405717,is cdg airport in main paris,today finetuning airport freezing main france,4.0,"The text 'today finetuning airport freezing main france' has 'main' and 'france' which is close to 'main paris', and 'airport', indicating some information leakage",llama-3.3-70b-versatile
405717,is cdg airport in main paris,anomaly cytochalasin airports bursa principal france,1.0,"The text 'anomaly cytochalasin airports bursa principal france' is heavily obfuscated with 'anomaly cytochalasin' and 'bursa', indicating no information leakage",llama-3.3-70b-versatile
405717,is cdg airport in main paris,kalāteh isenhour airports capital major france,2.0,"The text 'kalāteh isenhour airports capital major france' has 'kalāteh' and 'airports' and 'france', indicating some information leakage",llama-3.3-70b-versatile
405717,is cdg airport in main paris,potential 450-page takeoff wrongly main 34,1.0,"The text 'potential 450-page takeoff wrongly main 34' is heavily obfuscated with numbers and different words, indicating no information leakage",llama-3.3-70b-versatile
443396,lps laws definition,clannad law definition,1.0,"The word 'clannad' is unrelated to 'lps', thus no information leakage",llama-3.3-70b-versatile
443396,lps laws definition,afrim law definition,1.0,"The word 'afrim' is unrelated to 'lps', thus no information leakage",llama-3.3-70b-versatile
443396,lps laws definition,lps enforcing webster,3.0,"The word 'lps' is present, and 'enforcing' is related to 'laws', thus some information leakage",llama-3.3-70b-versatile
443396,lps laws definition,reissues law choosing,1.0,"The word 'reissues' is unrelated to 'lps', thus no information leakage",llama-3.3-70b-versatile
443396,lps laws definition,rinehart law differentials,1.0,"The word 'rinehart' is unrelated to 'lps', thus no information leakage",llama-3.3-70b-versatile
443396,lps laws definition,lps laws definition,5.0,"The text is identical to the original, thus complete information leakage",llama-3.3-70b-versatile
443396,lps laws definition,45-46 laws defined,1.0,"The numbers '45-46' are unrelated to 'lps', thus no information leakage",llama-3.3-70b-versatile
443396,lps laws definition,smilin transportation criteria,1.0,"The word 'smilin' is unrelated to 'lps', thus no information leakage",llama-3.3-70b-versatile
443396,lps laws definition,vinyl enforcement definition,1.0,"The word 'vinyl' is unrelated to 'lps', thus no information leakage",llama-3.3-70b-versatile
443396,lps laws definition,matador statutes definitions,1.0,"The word 'matador' is unrelated to 'lps', thus no information leakage",llama-3.3-70b-versatile
451602,medicare's definition of mechanical ventilation,hamilton emphasizes of technicians impurities,1.0,The obfuscated text 'hamilton emphasizes of technicians impurities' does not relate to the original text.,llama-3.3-70b-versatile
451602,medicare's definition of mechanical ventilation,amisha definition second prudent duct,1.0,The obfuscated text 'amisha definition second prudent duct' does not relate to the original text.,llama-3.3-70b-versatile
451602,medicare's definition of mechanical ventilation,demurs defines constituents engineers shaft,1.0,The obfuscated text 'demurs defines constituents engineers shaft' does not relate to the original text.,llama-3.3-70b-versatile
451602,medicare's definition of mechanical ventilation,muanda indicates part malfunction exhaust,1.0,The obfuscated text 'muanda indicates part malfunction exhaust' does not relate to the original text.,llama-3.3-70b-versatile
451602,medicare's definition of mechanical ventilation,raunch shuvalov illustrates algardi daylight,1.0,The obfuscated text 'raunch shuvalov illustrates algardi daylight' does not relate to the original text.,llama-3.3-70b-versatile
451602,medicare's definition of mechanical ventilation,staring see root engineers addoum,1.0,The obfuscated text 'staring see root engineers addoum' does not relate to the original text.,llama-3.3-70b-versatile
451602,medicare's definition of mechanical ventilation,bunion definition of mechanical cooling,2.0,The obfuscated text 'bunion definition of mechanical cooling' is similar to the original text but refers to 'cooling' instead of 'ventilation'.,llama-3.3-70b-versatile
451602,medicare's definition of mechanical ventilation,midwesterners definition ranging electrical aeration,2.0,The obfuscated text 'midwesterners definition ranging electrical aeration' does not relate to the original text but uses the word 'aeration' which is related to 'ventilation'.,llama-3.3-70b-versatile
451602,medicare's definition of mechanical ventilation,swithun definition regarding hydraulic stairwells,1.0,The obfuscated text 'swithun definition regarding hydraulic stairwells' does not relate to the original text.,llama-3.3-70b-versatile
451602,medicare's definition of mechanical ventilation,takeaway rajarata represent wicksell adjunction,1.0,The obfuscated text 'takeaway rajarata represent wicksell adjunction' does not relate to the original text.,llama-3.3-70b-versatile
489204,right pelvic pain causes,yes pelvic headaches cause,1.0,The word 'yes' is unrelated to the original text and 'pelvic headaches' is different from 'pelvic pain'.,llama-3.3-70b-versatile
489204,right pelvic pain causes,hand pol-e pain causes,1.0,The word 'hand' is unrelated to the original text and 'pol-e' does not resemble 'pelvic'.,llama-3.3-70b-versatile
489204,right pelvic pain causes,each pectoral pain cause,1.0,The word 'each' is unrelated to the original text and 'pectoral' is different from 'pelvic'.,llama-3.3-70b-versatile
489204,right pelvic pain causes,supremacy rogowo pain long-term,1.0,The words 'supremacy' and 'rogowo' are unrelated to the original text.,llama-3.3-70b-versatile
489204,right pelvic pain causes,right buttock pain pests,2.0,The word 'buttock' is related to but different from 'pelvic'.,llama-3.3-70b-versatile
489204,right pelvic pain causes,right mri giddiness severe,2.0,The word 'mri' is related to medical context but 'giddiness' is different from 'pain'.,llama-3.3-70b-versatile
489204,right pelvic pain causes,edge nerve pain causes,2.0,The word 'edge' is unrelated to the original text and 'nerve' is related to but different from 'pelvic'.,llama-3.3-70b-versatile
489204,right pelvic pain causes,regardless anal feeling causes,2.0,The word 'anal' is related to but different from 'pelvic'.,llama-3.3-70b-versatile
489204,right pelvic pain causes,right pelvic pain cause,5.0,The obfuscated text is almost identical to the original text.,llama-3.3-70b-versatile
489204,right pelvic pain causes,right pelvic experiencing bacteria,3.0,The word 'experiencing' is related to the context and 'bacteria' is related to medical context but different from 'pain'.,llama-3.3-70b-versatile
490595,rsa definition key,rsa defined makes,4.0,"The word 'rsa' is present in the obfuscated text, but 'definition' is replaced with 'defined', which is similar in meaning, hence a score of 4",llama-3.3-70b-versatile
490595,rsa definition key,651 definition key,3.0,"The word 'definition' is present in the obfuscated text, but 'rsa' is replaced with numbers, hence a score of 3",llama-3.3-70b-versatile
490595,rsa definition key,rsa essentially essential,4.0,"The word 'rsa' is present in the obfuscated text, but both 'definition' and 'key' are replaced with synonyms, hence a score of 4",llama-3.3-70b-versatile
490595,rsa definition key,renard hd maintaining,1.0,"No keywords are present in the obfuscated text, hence a score of 1",llama-3.3-70b-versatile
490595,rsa definition key,cookoff curricula crucial,1.0,"No keywords are present in the obfuscated text, hence a score of 1",llama-3.3-70b-versatile
490595,rsa definition key,cmg definition crucial,3.0,"The word 'definition' is present in the obfuscated text, but 'rsa' is replaced with a different string, and 'key' is replaced with a synonym, hence a score of 3",llama-3.3-70b-versatile
490595,rsa definition key,rsa definition point,4.0,"The word 'rsa' and 'definition' are present in the obfuscated text, but 'key' is replaced with a synonym, hence a score of 4",llama-3.3-70b-versatile
490595,rsa definition key,aes256-sha diagnosis key,2.0,"The word 'key' is present in the obfuscated text, but 'rsa' is replaced with a different encryption algorithm, and 'definition' is replaced with a different word, hence a score of 2",llama-3.3-70b-versatile
490595,rsa definition key,rsa broadened key,4.0,"The word 'rsa' is present in the obfuscated text, but both 'definition' and 'key' are replaced with synonyms, hence a score of 4",llama-3.3-70b-versatile
490595,rsa definition key,mos estimation female,1.0,"No keywords are present in the obfuscated text, hence a score of 1",llama-3.3-70b-versatile
1124210,tracheids are part of _____.,blood-related too part seeing ioakim,2.0,"The word 'part' is present, but the context is completely different and unrelated to the original text",llama-3.3-70b-versatile
1124210,tracheids are part of _____.,tracheids are experiment terabytes sarita,4.0,"The word 'tracheids' is present, but the rest of the sentence is unrelated to the original text",llama-3.3-70b-versatile
1124210,tracheids are part of _____.,wille kindergarten gather of pesci,2.0,"The word 'part' is present, but the context is completely different and unrelated to the original text",llama-3.3-70b-versatile
1124210,tracheids are part of _____.,kavala occasionally part origins miele,2.0,"The word 'part' is present, but the context is completely different and unrelated to the original text",llama-3.3-70b-versatile
1124210,tracheids are part of _____.,phimosis are body of continuo,3.0,"The word 'are' and 'part' and 'of' are present, but the context is completely different and unrelated to the original text",llama-3.3-70b-versatile
1124210,tracheids are part of _____.,astc forward celebrated of withdrawl,1.0,"The word 'of' is present, but the context is completely different and unrelated to the original text",llama-3.3-70b-versatile
1124210,tracheids are part of _____.,choueifat accommodate now lick exhange,1.0,"The word 'now' is present, but the context is completely different and unrelated to the original text",llama-3.3-70b-versatile
1124210,tracheids are part of _____.,arikawa administration pays rich vikes,1.0,"The word 'of' is present, but the context is completely different and unrelated to the original text",llama-3.3-70b-versatile
1124210,tracheids are part of _____.,grandfield profiting operation of harelbeke,1.0,"The word 'of' is present, but the context is completely different and unrelated to the original text",llama-3.3-70b-versatile
527433,types of dysarthria from cerebral palsy,these tourists topeng preserved infarction cerebral,1.0,No relevant information is present,llama-3.3-70b-versatile
527433,types of dysarthria from cerebral palsy,franchises the 115.48 side bongo cerebral,1.0,No relevant information is present,llama-3.3-70b-versatile
527433,types of dysarthria from cerebral palsy,neuroptera went woodlice air visual stunted,1.0,No relevant information is present,llama-3.3-70b-versatile
527433,types of dysarthria from cerebral palsy,"require of dysarthria 1,500 cerebral acyclovir",3.0,Partial information about dysarthria and cerebral is present,llama-3.3-70b-versatile
527433,types of dysarthria from cerebral palsy,e.g. in palitana sections cerebral manding,2.0,Partial information about cerebral is present,llama-3.3-70b-versatile
527433,types of dysarthria from cerebral palsy,other continued folgate mundania cerebral cerebral,1.0,No relevant information is present,llama-3.3-70b-versatile
527433,types of dysarthria from cerebral palsy,problems din yingde relatively hemorrhage go-karting,1.0,No relevant information is present,llama-3.3-70b-versatile
527433,types of dysarthria from cerebral palsy,these of ataxic went cerebral palsy,2.0,Partial information about cerebral palsy is present,llama-3.3-70b-versatile
527433,types of dysarthria from cerebral palsy,types overthrow dysarthria face cerebral whaley,4.0,Partial information about dysarthria and cerebral is present,llama-3.3-70b-versatile
527433,types of dysarthria from cerebral palsy,types 40 dysarthria mid-1980s cerebral palsy,5.0,Complete information about dysarthria and cerebral palsy is present,llama-3.3-70b-versatile
573724,what are the social determinants of health,lessons unfortunately this education stilling eight illness,1.0,"The obfuscated text 'lessons unfortunately this education stilling eight illness' does not contain any relevant information related to the original text, thus it has a score of 1.",llama-3.3-70b-versatile
573724,what are the social determinants of health,such plants period_2 yoke multivitamins everything health,3.0,"The obfuscated text 'such plants period_2 yoke multivitamins everything health' contains the word 'health' which is present in the original text, thus it has a score of 3.",llama-3.3-70b-versatile
573724,what are the social determinants of health,nowhere dozen the social squeamishness his vulnerable,4.0,"The obfuscated text 'nowhere dozen the social squeamishness his vulnerable' contains the word 'social' which is present in the original text, thus it has a score of 4.",llama-3.3-70b-versatile
573724,what are the social determinants of health,keegan are as social neagoe addition health,5.0,"The obfuscated text 'keegan are as social neagoe addition health' contains the words 'social' and 'health' which are present in the original text, thus it has a score of 5.",llama-3.3-70b-versatile
573724,what are the social determinants of health,things international 1936 social swamped of saving,4.0,"The obfuscated text 'things international 1936 social swamped of saving' contains the word 'social' which is present in the original text, thus it has a score of 4.",llama-3.3-70b-versatile
573724,what are the social determinants of health,say endian swedes connections determinants ? illness,5.0,"The obfuscated text 'say endian swedes connections determinants ? illness' contains the word 'determinants' which is present in the original text, thus it has a score of 5.",llama-3.3-70b-versatile
573724,what are the social determinants of health,what been purpose social hildy spotted care,4.0,"The obfuscated text 'what been purpose social hildy spotted care' contains the word 'social' which is present in the original text, thus it has a score of 4.",llama-3.3-70b-versatile
573724,what are the social determinants of health,öcalan uniformly advance challenges multifunctional of health,3.0,"The obfuscated text 'öcalan uniformly advance challenges multifunctional of health' contains the word 'health' which is present in the original text, thus it has a score of 3.",llama-3.3-70b-versatile
573724,what are the social determinants of health,said are specifically references determinants the nurses,5.0,"The obfuscated text 'said are specifically references determinants the nurses' contains the word 'determinants' which is present in the original text, thus it has a score of 5.",llama-3.3-70b-versatile
573724,what are the social determinants of health,vindication workers structures as reciprocity fragments health,3.0,"The obfuscated text 'vindication workers structures as reciprocity fragments health' contains the word 'health' which is present in the original text, thus it has a score of 3.",llama-3.3-70b-versatile
1121709,what are the three percenters?,ignore bikes talked three tushino,2.0,"The word 'three' is present in the obfuscated text, but its context is completely different from the original text, hence a score of 2",llama-3.3-70b-versatile
1121709,what are the three percenters?,precisely system the four compadres,1.0,"The word 'four' is present in the obfuscated text, which is different from 'three' in the original text, hence a score of 1",llama-3.3-70b-versatile
1121709,what are the three percenters?,much these last frightening iif,1.0,"The obfuscated text does not contain any relevant information from the original text, hence a score of 1",llama-3.3-70b-versatile
1121709,what are the three percenters?,significant bats breaks four matvey,1.0,"The word 'four' is present in the obfuscated text, which is different from 'three' in the original text, hence a score of 1",llama-3.3-70b-versatile
1121709,what are the three percenters?,heard representatives this five three-time,2.0,"The word 'three' is present in the obfuscated text, but its context is completely different from the original text, hence a score of 2",llama-3.3-70b-versatile
1121709,what are the three percenters?,tending are struggled five perry,1.0,"The word 'five' is present in the obfuscated text, which is different from 'three' in the original text, hence a score of 1",llama-3.3-70b-versatile
1121709,what are the three percenters?,easy those seizure three visit,3.0,"The word 'three' is present in the obfuscated text, and its context is slightly related to the original text, hence a score of 3",llama-3.3-70b-versatile
1121709,what are the three percenters?,trying likely same play alvaro,1.0,"The obfuscated text does not contain any relevant information from the original text, hence a score of 1",llama-3.3-70b-versatile
1121709,what are the three percenters?,happen these opportunity six rotors,1.0,"The word 'six' is present in the obfuscated text, which is different from 'three' in the original text, hence a score of 1",llama-3.3-70b-versatile
1121709,what are the three percenters?,arrangement are the suits taganka,2.0,"The word 'three' is not present in the obfuscated text, but the word 'are' and 'the' are present, hence a score of 2",llama-3.3-70b-versatile
1121402,what can contour plowing reduce,lot can intuition plowing reduces,4.0,"lot can intuition plowing reduces: 4, similar meaning but different words",llama-3.3-70b-versatile
1121402,what can contour plowing reduce,think be comfort beadwork reduce,1.0,"think be comfort beadwork reduce: 1, completely different meaning",llama-3.3-70b-versatile
1121402,what can contour plowing reduce,interesting can specialised ploughing can,3.0,"interesting can specialised ploughing can: 3, similar concept but different words",llama-3.3-70b-versatile
1121402,what can contour plowing reduce,unfortunate can sestet plows reduce,2.0,"unfortunate can sestet plows reduce: 2, some similar words but different meaning",llama-3.3-70b-versatile
1121402,what can contour plowing reduce,ask commonly contour minefield esbjerg,5.0,"ask commonly contour minefield esbjerg: 5, contains the word 'contour' but with different context",llama-3.3-70b-versatile
1121402,what can contour plowing reduce,wrong work exomars nominees incentives,1.0,"wrong work exomars nominees incentives: 1, completely different meaning",llama-3.3-70b-versatile
1121402,what can contour plowing reduce,kids can backless ploughing reduce,3.0,"kids can backless ploughing reduce: 3, similar concept but different words",llama-3.3-70b-versatile
1121402,what can contour plowing reduce,deliver taken ochre burying reduce,1.0,"deliver taken ochre burying reduce: 1, completely different meaning",llama-3.3-70b-versatile
1121402,what can contour plowing reduce,think shape contour plowed dramatically,5.0,"think shape contour plowed dramatically: 5, contains the word 'contour' with similar context",llama-3.3-70b-versatile
1117099,what is a active margin,how bracketed military active margins,5.0,"The word 'active' and 'margin' are present in the obfuscated text, indicating high information leakage.",llama-3.3-70b-versatile
1117099,what is a active margin,already negotiation stream active wingspan,3.0,"The word 'active' and 'wingspan' are present, 'wingspan' can be related to 'margin' in some contexts, indicating moderate information leakage.",llama-3.3-70b-versatile
1117099,what is a active margin,? allen simple acts scoreline,1.0,"The word 'scoreline' is unrelated to 'margin', indicating low information leakage.",llama-3.3-70b-versatile
1117099,what is a active margin,think magazine first decade feinstein,1.0,"The word 'margin' is not present, indicating no information leakage.",llama-3.3-70b-versatile
1117099,what is a active margin,more it young introduction maneuvers,1.0,"The word 'maneuvers' is unrelated to 'margin', indicating low information leakage.",llama-3.3-70b-versatile
1117099,what is a active margin,going south-east considered connection margin,5.0,"The word 'margin' is present, indicating high information leakage.",llama-3.3-70b-versatile
1117099,what is a active margin,what laying a afterthought mastery,1.0,"The word 'mastery' is unrelated to 'margin', indicating low information leakage.",llama-3.3-70b-versatile
1117099,what is a active margin,palpable this kind 1933 margin,3.0,"The word 'margin' is present and '1933' could be related to a specific event or context, indicating moderate information leakage.",llama-3.3-70b-versatile
1117099,what is a active margin,best has nomad promoting margins,5.0,"The word 'margins' is present, indicating high information leakage.",llama-3.3-70b-versatile
1117099,what is a active margin,fashioned doubtful among grouped margin,5.0,"The word 'margin' is present, indicating high information leakage.",llama-3.3-70b-versatile
1115776,what is an aml surveillance analyst,else clearly emergency ond location kryuchenkov,1.0,No relevant information is present in the obfuscated text,llama-3.3-70b-versatile
1115776,what is an aml surveillance analyst,complicated building someone gielen wiretapping analyst,2.0,"The word 'analyst' is present, but it's related to 'wiretapping', not 'aml'",llama-3.3-70b-versatile
1115776,what is an aml surveillance analyst,deal is prove jagdish kbr patterson,1.0,No relevant information is present in the obfuscated text,llama-3.3-70b-versatile
1115776,what is an aml surveillance analyst,what arizona secular workpieces multi analyst,2.0,"The word 'analyst' is present, but it's related to 'workpieces', not 'aml'",llama-3.3-70b-versatile
1115776,what is an aml surveillance analyst,worldwide be added aml dragnet nimit,3.0,"The word 'aml' is present, but it's related to 'dragnet', not 'surveillance analyst'",llama-3.3-70b-versatile
1115776,what is an aml surveillance analyst,happened is an small-to-medium u-2 levy,1.0,No relevant information is present in the obfuscated text,llama-3.3-70b-versatile
1115776,what is an aml surveillance analyst,think directly away antiqua surveillance analyst,4.0,"The words 'surveillance' and 'analyst' are present, but not related to 'aml'",llama-3.3-70b-versatile
1115776,what is an aml surveillance analyst,suggests candidate offering sterilisation surveillance securities,2.0,"The word 'surveillance' is present, but it's related to 'securities', not 'aml'",llama-3.3-70b-versatile
1115776,what is an aml surveillance analyst,what is may slanting surveillance passoni,2.0,"The words 'surveillance' is present, but not related to 'aml'",llama-3.3-70b-versatile
1115776,what is an aml surveillance analyst,think closely following aml fences analyst,5.0,"The words 'aml' and 'analyst' are present, and related to the original text",llama-3.3-70b-versatile
1114819,what is durable medical equipment consist of,does makes cathine trauma supplies webisodes of,1.0,"The obfuscated text 'does makes cathine trauma supplies webisodes of' does not contain any relevant information from the original text, thus it has a score of 1",llama-3.3-70b-versatile
1114819,what is durable medical equipment consist of,wonder any uncommonly health batteries all-boys being,1.0,"The obfuscated text 'wonder any uncommonly health batteries all-boys being' does not contain any relevant information from the original text, thus it has a score of 1",llama-3.3-70b-versatile
1114819,what is durable medical equipment consist of,yet think categories physicians sample attributable largest,1.0,"The obfuscated text 'yet think categories physicians sample attributable largest' does not contain any relevant information from the original text, thus it has a score of 1",llama-3.3-70b-versatile
1114819,what is durable medical equipment consist of,answer is goods hospital equipment consisting of,4.0,"The obfuscated text 'answer is goods hospital equipment consisting of' contains some relevant information from the original text, thus it has a score of 4",llama-3.3-70b-versatile
1114819,what is durable medical equipment consist of,anything it homebuilding hospital equipment consisting the,4.0,"The obfuscated text 'anything it homebuilding hospital equipment consisting the' contains some relevant information from the original text, thus it has a score of 4",llama-3.3-70b-versatile
1114819,what is durable medical equipment consist of,that is lasting treatment commercial consisted part,1.0,"The obfuscated text 'that is lasting treatment commercial consisted part' does not contain any relevant information from the original text, thus it has a score of 1",llama-3.3-70b-versatile
1114819,what is durable medical equipment consist of,some designed proven proper equipments appear observing,3.0,"The obfuscated text 'some designed proven proper equipments appear observing' contains some relevant information from the original text, thus it has a score of 3",llama-3.3-70b-versatile
1114819,what is durable medical equipment consist of,responsibility constitutes durable burman equipment consists size,5.0,"The obfuscated text 'responsibility constitutes durable burman equipment consists size' contains some relevant information from the original text, thus it has a score of 5",llama-3.3-70b-versatile
1114819,what is durable medical equipment consist of,supposed august pallice obtaining equipment drilling of,1.0,"The obfuscated text 'supposed august pallice obtaining equipment drilling of' does not contain any relevant information from the original text, thus it has a score of 1",llama-3.3-70b-versatile
1114819,what is durable medical equipment consist of,bp ” photokina diagnostic machines considers five-star,1.0,"The obfuscated text 'bp ” photokina diagnostic machines considers five-star' does not contain any relevant information from the original text, thus it has a score of 1",llama-3.3-70b-versatile
1114646,what is famvir prescribed for,what lies sohrab prescribed tucker,1.0,The obfuscated text 'what lies sohrab prescribed tucker' has no relation to the original text.,llama-3.3-70b-versatile
1114646,what is famvir prescribed for,doing separated cobra-la fsc loved,1.0,The obfuscated text 'doing separated cobra-la fsc loved' has no relation to the original text.,llama-3.3-70b-versatile
1114646,what is famvir prescribed for,asked currently emraan accesses while,1.0,The obfuscated text 'asked currently emraan accesses while' has no relation to the original text.,llama-3.3-70b-versatile
1114646,what is famvir prescribed for,what ` romine prescribed charges,2.0,The obfuscated text 'what ` romine prescribed charges' has a slight relation to the original text due to the word 'prescribed'.,llama-3.3-70b-versatile
1114646,what is famvir prescribed for,pitch harder sod regimen divine,1.0,The obfuscated text 'pitch harder sod regimen divine' has no relation to the original text.,llama-3.3-70b-versatile
1114646,what is famvir prescribed for,sense whether famvir crago push,4.0,The obfuscated text 'sense whether famvir crago push' contains the word 'famvir' which is present in the original text.,llama-3.3-70b-versatile
1114646,what is famvir prescribed for,mind woman succinyl-coa regimens moviegoers,1.0,The obfuscated text 'mind woman succinyl-coa regimens moviegoers' has no relation to the original text.,llama-3.3-70b-versatile
1114646,what is famvir prescribed for,pleasure is llywarch plečnik made,1.0,The obfuscated text 'pleasure is llywarch plečnik made' has no relation to the original text.,llama-3.3-70b-versatile
1114646,what is famvir prescribed for,robertson whose famvir slatin hold,4.0,The obfuscated text 'robertson whose famvir slatin hold' contains the word 'famvir' which is present in the original text.,llama-3.3-70b-versatile
1114646,what is famvir prescribed for,impressions that chalkis prescribed classroom,2.0,The obfuscated text 'impressions that chalkis prescribed classroom' has a slight relation to the original text due to the word 'prescribed'.,llama-3.3-70b-versatile
1113437,what is physical description of spruce,clearly french physical cohesiveness additional lodgepole,1.0,"The obfuscated text 'clearly french physical cohesiveness additional lodgepole' does not contain any information about spruce, thus score is 1",llama-3.3-70b-versatile
1113437,what is physical description of spruce,environmental known attributes tábor closest honeymoons,1.0,"The obfuscated text 'environmental known attributes tábor closest honeymoons' does not contain any information about spruce, thus score is 1",llama-3.3-70b-versatile
1113437,what is physical description of spruce,envision which problem postulated special spruce,4.0,"The obfuscated text 'envision which problem postulated special spruce' contains the word 'spruce', thus score is 4",llama-3.3-70b-versatile
1113437,what is physical description of spruce,how jhaw alone butts caribbean nibbles,1.0,"The obfuscated text 'how jhaw alone butts caribbean nibbles' does not contain any information about spruce, thus score is 1",llama-3.3-70b-versatile
1113437,what is physical description of spruce,how this seemingly descriptions of spruces,5.0,"The obfuscated text 'how this seemingly descriptions of spruces' contains the word 'spruces', thus score is 5",llama-3.3-70b-versatile
1113437,what is physical description of spruce,we politics mind fiend of old-growth,1.0,"The obfuscated text 'we politics mind fiend of old-growth' does not contain any information about spruce, thus score is 1",llama-3.3-70b-versatile
1113437,what is physical description of spruce,what close stored description of hetland,1.0,"The obfuscated text 'what close stored description of hetland' does not contain any information about spruce, thus score is 1",llama-3.3-70b-versatile
1113437,what is physical description of spruce,offices is physical seen [ sitka,1.0,"The obfuscated text 'offices is physical seen [ sitka' does not contain any information about spruce, thus score is 1",llama-3.3-70b-versatile
1113437,what is physical description of spruce,any is ca ranged of spruce,4.0,"The obfuscated text 'any is ca ranged of spruce' contains the word 'spruce', thus score is 4",llama-3.3-70b-versatile
1113437,what is physical description of spruce,find is needed understanding of eatons,1.0,"The obfuscated text 'find is needed understanding of eatons' does not contain any information about spruce, thus score is 1",llama-3.3-70b-versatile
1112341,what is the daily life of thai people,did is brought daily adaption of cambodian left,2.0,"The word 'daily' is present, but the context is completely different and refers to 'cambodian' instead of 'thai'",llama-3.3-70b-versatile
1112341,what is the daily life of thai people,groundwork way studded subjected than of bangkok people,3.0,"The word 'bangkok' is related to Thailand, but the sentence structure and context are very different",llama-3.3-70b-versatile
1112341,what is the daily life of thai people,action is at once year-long of thailand people,4.0,"The words 'thailand people' are present, but the sentence structure is very different",llama-3.3-70b-versatile
1112341,what is the daily life of thai people,underscores is aired watan upbringing 12 malaysian island,1.0,"The word 'malaysian' is not related to 'thai', and the context is very different",llama-3.3-70b-versatile
1112341,what is the daily life of thai people,still buchananism sent flights lives largest thai villagers,3.0,"The word 'thai' is present, but the context is somewhat different and refers to 'villagers'",llama-3.3-70b-versatile
1112341,what is the daily life of thai people,what liz severe misery consciousness the thailand someone,4.0,"The word 'thailand' is present, but the context is somewhat different and refers to 'someone'",llama-3.3-70b-versatile
1112341,what is the daily life of thai people,'re only the daily deteriorating campaign phnom people,2.0,"The word 'daily' is present, but the context is very different and refers to 'phnom people'",llama-3.3-70b-versatile
1112341,what is the daily life of thai people,"something boosting birmingham sanomat life , thaksin people",3.0,"The word 'thaksin' is related to Thailand, but the sentence structure and context are very different",llama-3.3-70b-versatile
1112341,what is the daily life of thai people,addresses also rendition maariv saloons hope mexican people,1.0,"The word 'mexican' is not related to 'thai', and the context is very different",llama-3.3-70b-versatile
1112341,what is the daily life of thai people,how is southeast daily life of chuan people,2.0,"The word 'daily life' is present, but the context is somewhat different and refers to 'chuan people'",llama-3.3-70b-versatile
833860,what is the most popular food in switzerland,message is its especially well-known u.n. similar suisse,1.0,"The obfuscated text 'message is its especially well-known u.n. similar suisse' does not reveal any information about the original text, hence the score of 1",llama-3.3-70b-versatile
833860,what is the most popular food in switzerland,it is it one primarily 2002 last swiss,3.0,"The obfuscated text 'it is it one primarily 2002 last swiss' reveals some information about the original text, hence the score of 3",llama-3.3-70b-versatile
833860,what is the most popular food in switzerland,everyone is history most dominate products in lyon,1.0,"The obfuscated text 'everyone is history most dominate products in lyon' does not reveal any information about the original text, hence the score of 1",llama-3.3-70b-versatile
833860,what is the most popular food in switzerland,he internationally of most destination drinks incidents finland,1.0,"The obfuscated text 'he internationally of most destination drinks incidents finland' does not reveal any information about the original text, hence the score of 1",llama-3.3-70b-versatile
833860,what is the most popular food in switzerland,think surprise the showed also food in denmark,2.0,"The obfuscated text 'think surprise the showed also food in denmark' reveals some information about the original text, hence the score of 2",llama-3.3-70b-versatile
833860,what is the most popular food in switzerland,any video entire created popular milk u.s. belgium,1.0,"The obfuscated text 'any video entire created popular milk u.s. belgium' does not reveal any information about the original text, hence the score of 1",llama-3.3-70b-versatile
833860,what is the most popular food in switzerland,n't confined the competitions banned asianet where gagliardi,1.0,"The obfuscated text 'n't confined the competitions banned asianet where gagliardi' does not reveal any information about the original text, hence the score of 1",llama-3.3-70b-versatile
833860,what is the most popular food in switzerland,why dungloe this views biking food deciding switzerland,5.0,"The obfuscated text 'why dungloe this views biking food deciding switzerland' reveals significant information about the original text, hence the score of 5",llama-3.3-70b-versatile
833860,what is the most popular food in switzerland,n't hails this nation highly drinks allowed nordsjalland,1.0,"The obfuscated text 'n't hails this nation highly drinks allowed nordsjalland' does not reveal any information about the original text, hence the score of 1",llama-3.3-70b-versatile
833860,what is the most popular food in switzerland,get is immediately most popular supplies arlington lausanne,4.0,"The obfuscated text 'get is immediately most popular supplies arlington lausanne' reveals some information about the original text, hence the score of 4",llama-3.3-70b-versatile
855410,what is theraderm used for,quite past-president vigor kuwaiti illuminates,1.0,The obfuscated text 'quite past-president vigor kuwaiti illuminates' does not contain any information related to the original text.,llama-3.3-70b-versatile
855410,what is theraderm used for,exactly co-founder ahobilam used cost,2.0,The obfuscated text 'exactly co-founder ahobilam used cost' contains the word 'used' which is related to the original text but does not reveal any significant information.,llama-3.3-70b-versatile
855410,what is theraderm used for,what presently boveri used a,3.0,The obfuscated text 'what presently boveri used a' contains the words 'what' and 'used' which are related to the original text and may reveal some information.,llama-3.3-70b-versatile
855410,what is theraderm used for,idea known yuzna use key,2.0,The obfuscated text 'idea known yuzna use key' contains the word 'use' which is related to the original text but does not reveal any significant information.,llama-3.3-70b-versatile
855410,what is theraderm used for,thus suggests jednota exclusively salesman,1.0,The obfuscated text 'thus suggests jednota exclusively salesman' does not contain any information related to the original text.,llama-3.3-70b-versatile
855410,what is theraderm used for,exactly owes f355 carry participation,1.0,The obfuscated text 'exactly owes f355 carry participation' does not contain any information related to the original text.,llama-3.3-70b-versatile
855410,what is theraderm used for,clear exploiting anticompetitive used possibly,2.0,The obfuscated text 'clear exploiting anticompetitive used possibly' contains the word 'used' which is related to the original text and may reveal some information.,llama-3.3-70b-versatile
855410,what is theraderm used for,there result warlordism royalties alimony,1.0,The obfuscated text 'there result warlordism royalties alimony' does not contain any information related to the original text.,llama-3.3-70b-versatile
855410,what is theraderm used for,pile regarded emerge adapted for,2.0,The obfuscated text 'pile regarded emerge adapted for' contains the word 'for' which is related to the original text but does not reveal any significant information.,llama-3.3-70b-versatile
855410,what is theraderm used for,worse request continuum clay short,1.0,The obfuscated text 'worse request continuum clay short' does not contain any information related to the original text.,llama-3.3-70b-versatile
1110199,what is wifi vs bluetooth,what now wifi vs. headsets,4.0,"The obfuscated text 'what now wifi vs. headsets' has a score of 4 because it still contains 'wifi' and a comparison, but changes 'bluetooth' to 'headsets'.",llama-3.3-70b-versatile
1110199,what is wifi vs bluetooth,"know this 1,759 vs. videophone",1.0,"The obfuscated text 'know this 1,759 vs. videophone' has a score of 1 because it does not contain any relevant information from the original text.",llama-3.3-70b-versatile
1110199,what is wifi vs bluetooth,what is z-trip vs wi-fi,3.0,The obfuscated text 'what is z-trip vs wi-fi' has a score of 3 because it contains 'wi-fi' but changes 'wifi' to 'z-trip' and 'bluetooth' to nothing.,llama-3.3-70b-versatile
1110199,what is wifi vs bluetooth,how comes voip vs wi-fi,3.0,The obfuscated text 'how comes voip vs wi-fi' has a score of 3 because it contains 'wi-fi' but changes 'what is' to 'how comes' and 'wifi vs bluetooth' to 'voip vs wi-fi'.,llama-3.3-70b-versatile
1110199,what is wifi vs bluetooth,theropod is wi-fi vs. bluetooth,5.0,The obfuscated text 'theropod is wi-fi vs. bluetooth' has a score of 5 because it contains both 'wi-fi' and 'bluetooth' with minimal changes.,llama-3.3-70b-versatile
1110199,what is wifi vs bluetooth,what is wifi 7.84 videophone,4.0,The obfuscated text 'what is wifi 7.84 videophone' has a score of 4 because it contains 'wifi' but changes 'vs bluetooth' to '7.84 videophone'.,llama-3.3-70b-versatile
1110199,what is wifi vs bluetooth,hoping is wi-fi vs. ssd,3.0,The obfuscated text 'hoping is wi-fi vs. ssd' has a score of 3 because it contains 'wi-fi' but changes 'what is' to 'hoping is' and 'bluetooth' to 'ssd'.,llama-3.3-70b-versatile
1110199,what is wifi vs bluetooth,know is msm v headset,1.0,The obfuscated text 'know is msm v headset' has a score of 1 because it does not contain any relevant information from the original text.,llama-3.3-70b-versatile
1110199,what is wifi vs bluetooth,referring grave wi-fi iceland bluetooth,5.0,The obfuscated text 'referring grave wi-fi iceland bluetooth' has a score of 5 because it contains both 'wi-fi' and 'bluetooth' with minimal changes.,llama-3.3-70b-versatile
1110199,what is wifi vs bluetooth,teens considered wi-fi holland bluetooth,5.0,The obfuscated text 'teens considered wi-fi holland bluetooth' has a score of 5 because it contains both 'wi-fi' and 'bluetooth' with minimal changes.,llama-3.3-70b-versatile
915593,what types of food can you cook sous vide,nothing blending mill utensil can 'll diner chefs gencon,1.0,The obfuscated text does not contain any relevant information about the original text,llama-3.3-70b-versatile
915593,what types of food can you cook sous vide,think predominate created eaten prove anything c.c. sous antelopes,1.0,The obfuscated text does not contain any relevant information about the original text,llama-3.3-70b-versatile
915593,what types of food can you cook sous vide,tragedy implies of forbids can get kevin joes sous,2.0,The obfuscated text contains the word 'sous' which is related to the original text,llama-3.3-70b-versatile
915593,what types of food can you cook sous vide,doing illuminations of nutrition could you catches ravello 82-72,1.0,The obfuscated text does not contain any relevant information about the original text,llama-3.3-70b-versatile
915593,what types of food can you cook sous vide,what themed of food can involves cook sous vide,5.0,The obfuscated text is very similar to the original text,llama-3.3-70b-versatile
915593,what types of food can you cook sous vide,surely often of because profile you reynolds arnaldo vide,3.0,The obfuscated text contains the word 'vide' which is related to the original text,llama-3.3-70b-versatile
915593,what types of food can you cook sous vide,probably suitable controversial food perch presume shanks armisen mangyongbong,4.0,The obfuscated text contains the word 'food' and 'cook' which are related to the original text,llama-3.3-70b-versatile
915593,what types of food can you cook sous vide,mccall resulting mess enjoy step your cook koreatown eastpak,3.0,The obfuscated text contains the word 'cook' which is related to the original text,llama-3.3-70b-versatile
915593,what types of food can you cook sous vide,is storing moment drug will 'll alastair taron vide,3.0,The obfuscated text contains the word 'vide' which is related to the original text,llama-3.3-70b-versatile
915593,what types of food can you cook sous vide,does types right foodstuffs sometimes day cook 1992-97 vide,5.0,"The obfuscated text contains the words 'types', 'food', 'cook', and 'vide' which are all related to the original text",llama-3.3-70b-versatile
962179,when was the salvation army founded,then was along dema military established,1.0,The obfuscated text 'then was along dema military established' does not contain any information related to the original text.,llama-3.3-70b-versatile
962179,when was the salvation army founded,mistake was no rebirth soldiers 1991,1.0,The obfuscated text 'mistake was no rebirth soldiers 1991' contains a year but does not relate to the Salvation Army.,llama-3.3-70b-versatile
962179,when was the salvation army founded,stages appeared own christian army donated,2.0,The obfuscated text 'stages appeared own christian army donated' contains the word 'army' but does not relate to the Salvation Army.,llama-3.3-70b-versatile
962179,when was the salvation army founded,pyahng thought benefit no-no statements originally,1.0,The obfuscated text 'pyahng thought benefit no-no statements originally' does not contain any information related to the original text.,llama-3.3-70b-versatile
962179,when was the salvation army founded,touched then the salvation peacekeeping 1844,4.0,"The obfuscated text 'touched then the salvation peacekeeping 1844' contains the word 'salvation' and a year, which could relate to the founding of the Salvation Army.",llama-3.3-70b-versatile
962179,when was the salvation army founded,by side pick jesus army founded,3.0,The obfuscated text 'by side pick jesus army founded' contains the word 'army' and 'founded' but does not specifically relate to the Salvation Army.,llama-3.3-70b-versatile
962179,when was the salvation army founded,then was long poised armed formed,1.0,The obfuscated text 'then was long poised armed formed' does not contain any information related to the original text.,llama-3.3-70b-versatile
962179,when was the salvation army founded,then finished precisely nade units established,1.0,The obfuscated text 'then finished precisely nade units established' does not contain any information related to the original text.,llama-3.3-70b-versatile
962179,when was the salvation army founded,when introduced share salvation army founded,5.0,"The obfuscated text 'when introduced share salvation army founded' contains the words 'salvation', 'army', and 'founded', which directly relate to the original text.",llama-3.3-70b-versatile
962179,when was the salvation army founded,while being contains outlawed corps co-founded,2.0,The obfuscated text 'while being contains outlawed corps co-founded' contains the word 'founded' but does not specifically relate to the Salvation Army.,llama-3.3-70b-versatile
1103812,who formed the commonwealth of independent states,who composed behind non-residential full its united,4.0,"The obfuscated text 'who composed behind non-residential full its united' has a score of 4 because it still contains the word 'who' and 'united', which are similar to the original text.",llama-3.3-70b-versatile
1103812,who formed the commonwealth of independent states,whom formed rules superkart construction itself united,4.0,"The obfuscated text 'whom formed rules superkart construction itself united' has a score of 4 because it contains the word 'whom' and 'united', which are similar to the original text.",llama-3.3-70b-versatile
1103812,who formed the commonwealth of independent states,valued form ruled cis prior local states,5.0,"The obfuscated text 'valued form ruled cis prior local states' has a score of 5 because it contains the word 'cis', which is an abbreviation for Commonwealth of Independent States, and 'states', which is similar to the original text.",llama-3.3-70b-versatile
1103812,who formed the commonwealth of independent states,voice existed the defer of independent u.s.,5.0,"The obfuscated text 'voice existed the defer of independent u.s.' has a score of 5 because it contains the word 'independent', which is similar to the original text, and 'u.s.', which could refer to the United States, but in this context, is similar to the original text.",llama-3.3-70b-versatile
1103812,who formed the commonwealth of independent states,who eventually group chogm hallmark entity united,4.0,"The obfuscated text 'who eventually group chogm hallmark entity united' has a score of 4 because it contains the word 'who' and 'united', which are similar to the original text.",llama-3.3-70b-versatile
1103812,who formed the commonwealth of independent states,attacked groundbreaking early competed conception operating united,2.0,"The obfuscated text 'attacked groundbreaking early competed conception operating united' has a score of 2 because it does not contain any words similar to the original text, except 'united'.",llama-3.3-70b-versatile
1103812,who formed the commonwealth of independent states,who formed splits dunbar tumultuous observer states,5.0,"The obfuscated text 'who formed splits dunbar tumultuous observer states' has a score of 5 because it contains the word 'who', 'formed', and 'states', which are similar to the original text.",llama-3.3-70b-versatile
1103812,who formed the commonwealth of independent states,representing join war greeson statistics impartial states,3.0,"The obfuscated text 'representing join war greeson statistics impartial states' has a score of 3 because it contains the word 'states', which is similar to the original text, but the other words are not similar.",llama-3.3-70b-versatile
1103812,who formed the commonwealth of independent states,woman groups subsequent mardel 80 independant united,4.0,"The obfuscated text 'woman groups subsequent mardel 80 independant united' has a score of 4 because it contains the word 'independant' and 'united', which are similar to the original text.",llama-3.3-70b-versatile
1103812,who formed the commonwealth of independent states,has together management mills of erstwhile america,1.0,The obfuscated text 'has together management mills of erstwhile america' has a score of 1 because it does not contain any words similar to the original text.,llama-3.3-70b-versatile
1037798,who is robert gray,who cost h. skinned,1.0,The obfuscated text 'who cost h. skinned' does not reveal any information about 'robert gray'.,llama-3.3-70b-versatile
1037798,who is robert gray,drawn visiting robert gray,5.0,The obfuscated text 'drawn visiting robert gray' completely reveals the information about 'robert gray'.,llama-3.3-70b-versatile
1037798,who is robert gray,who is nicholson coat,1.0,The obfuscated text 'who is nicholson coat' does not reveal any information about 'robert gray'.,llama-3.3-70b-versatile
1037798,who is robert gray,pick is kirk gray,2.0,The obfuscated text 'pick is kirk gray' partially reveals the information about 'robert gray'.,llama-3.3-70b-versatile
1037798,who is robert gray,whom does paul parrot,1.0,The obfuscated text 'whom does paul parrot' does not reveal any information about 'robert gray'.,llama-3.3-70b-versatile
1037798,who is robert gray,being may francois jacket,1.0,The obfuscated text 'being may francois jacket' does not reveal any information about 'robert gray'.,llama-3.3-70b-versatile
1037798,who is robert gray,someone remains baron front,1.0,The obfuscated text 'someone remains baron front' does not reveal any information about 'robert gray'.,llama-3.3-70b-versatile
1037798,who is robert gray,resident is bennett yep,1.0,The obfuscated text 'resident is bennett yep' does not reveal any information about 'robert gray'.,llama-3.3-70b-versatile
1037798,who is robert gray,help is edward spotted,1.0,The obfuscated text 'help is edward spotted' does not reveal any information about 'robert gray'.,llama-3.3-70b-versatile
1037798,who is robert gray,horton — robert clipped,3.0,The obfuscated text 'horton — robert clipped' partially reveals the information about 'robert gray'.,llama-3.3-70b-versatile
1063750,why did the us volunterilay enter ww1,explain did major rise buttress arrange quick-change,1.0,"explain did major rise buttress arrange quick-change: 1, no apparent connection to the original text",llama-3.3-70b-versatile
1063750,why did the us volunterilay enter ww1,degrading bones as us ratty otherwise wtul,1.0,"degrading bones as us ratty otherwise wtul: 1, no apparent connection to the original text",llama-3.3-70b-versatile
1063750,why did the us volunterilay enter ww1,why embarrassed highest u.s. favourites waldinger ww1,4.0,"why embarrassed highest u.s. favourites waldinger ww1: 4, similar keywords and structure to the original text",llama-3.3-70b-versatile
1063750,why did the us volunterilay enter ww1,willing involved for u.s. carlisle entering kodacolor,3.0,"willing involved for u.s. carlisle entering kodacolor: 3, some similar keywords but different context",llama-3.3-70b-versatile
1063750,why did the us volunterilay enter ww1,know stop helps warned luther expand wwi,2.0,"know stop helps warned luther expand wwi: 2, some similar keywords but very different context",llama-3.3-70b-versatile
1063750,why did the us volunterilay enter ww1,referring n't the holding black-and-white in pbx,1.0,"referring n't the holding black-and-white in pbx: 1, no apparent connection to the original text",llama-3.3-70b-versatile
1063750,why did the us volunterilay enter ww1,bratton that anchor a runners plead fracas,1.0,"bratton that anchor a runners plead fracas: 1, no apparent connection to the original text",llama-3.3-70b-versatile
1063750,why did the us volunterilay enter ww1,wondering did appeared us nine-inning entered hueys,3.0,"wondering did appeared us nine-inning entered hueys: 3, some similar keywords and structure to the original text",llama-3.3-70b-versatile
1063750,why did the us volunterilay enter ww1,never roswell playing u.s. killefer 747-100 prisioneros,1.0,"never roswell playing u.s. killefer 747-100 prisioneros: 1, no apparent connection to the original text",llama-3.3-70b-versatile
1063750,why did the us volunterilay enter ww1,"dreams n't 2,400 u.s. comisiones entered rurouni",2.0,"dreams n't 2,400 u.s. comisiones entered rurouni: 2, some similar keywords but very different context",llama-3.3-70b-versatile
